cancer,stratification,group,n,omega_mean,omega_std
LIHC,Edmondson_grade,G1,39,101.82,46.84
LIHC,Edmondson_grade,G2,133,100.23,63.86
LIHC,Edmondson_grade,G3,105,96.77,58.19
LIHC,Edmondson_grade,G4,11,89.95,57.78
BRCA,PAM50,Basal-like,97,223.44,183.72
BRCA,PAM50,HER2-enriched,55,263.01,255.60
BRCA,PAM50,Luminal A,224,344.52,323.35
BRCA,PAM50,Luminal B,123,313.59,282.65
BRCA,PAM50,Normal-like,7,108.00,65.47
LUAD,mutation,EGFR,61,285.34,180.10
LUAD,mutation,KRAS,120,284.58,227.93
LUAD,mutation,WT,311,237.60,195.39
